Theros;1;http://magiccards.info/scans/en/ths/1.jpg;
Theros;2;http://magiccards.info/scans/en/ths/2.jpg;
Theros;3;http://magiccards.info/scans/en/ths/3.jpg;
Theros;4;http://magiccards.info/scans/en/ths/4.jpg;
Theros;5;http://magiccards.info/scans/en/ths/5.jpg;
Theros;6;http://magiccards.info/scans/en/ths/6.jpg;
Theros;7;http://magiccards.info/scans/en/ths/7.jpg;
Theros;8;http://magiccards.info/scans/en/ths/8.jpg;
Theros;9;http://magiccards.info/scans/en/ths/9.jpg;
Theros;10;http://magiccards.info/scans/en/ths/10.jpg;
Theros;11;http://magiccards.info/scans/en/ths/11.jpg;
Theros;12;http://magiccards.info/scans/en/ths/12.jpg;
Theros;13;http://magiccards.info/scans/en/ths/13.jpg;
Theros;14;http://magiccards.info/scans/en/ths/14.jpg;
Theros;15;http://magiccards.info/scans/en/ths/15.jpg;
Theros;16;http://magiccards.info/scans/en/ths/16.jpg;
Theros;17;http://magiccards.info/scans/en/ths/17.jpg;
Theros;18;http://magiccards.info/scans/en/ths/18.jpg;
Theros;19;http://magiccards.info/scans/en/ths/19.jpg;
Theros;20;http://magiccards.info/scans/en/ths/20.jpg;
Theros;21;http://magiccards.info/scans/en/ths/21.jpg;
Theros;22;http://magiccards.info/scans/en/ths/22.jpg;
Theros;23;http://magiccards.info/scans/en/ths/23.jpg;
Theros;24;http://magiccards.info/scans/en/ths/24.jpg;
Theros;25;http://magiccards.info/scans/en/ths/25.jpg;
Theros;26;http://magiccards.info/scans/en/ths/26.jpg;
Theros;27;http://magiccards.info/scans/en/ths/27.jpg;
Theros;28;http://magiccards.info/scans/en/ths/28.jpg;
Theros;29;http://magiccards.info/scans/en/ths/29.jpg;
Theros;30;http://magiccards.info/scans/en/ths/30.jpg;
Theros;31;http://magiccards.info/scans/en/ths/31.jpg;
Theros;32;http://magiccards.info/scans/en/ths/32.jpg;
Theros;33;http://magiccards.info/scans/en/ths/33.jpg;
Theros;34;http://magiccards.info/scans/en/ths/34.jpg;
Theros;35;http://magiccards.info/scans/en/ths/35.jpg;
Theros;36;http://magiccards.info/scans/en/ths/36.jpg;
Theros;37;http://magiccards.info/scans/en/ths/37.jpg;
Theros;38;http://magiccards.info/scans/en/ths/38.jpg;
Theros;39;http://magiccards.info/scans/en/ths/39.jpg;
Theros;40;http://magiccards.info/scans/en/ths/40.jpg;
Theros;41;http://magiccards.info/scans/en/ths/41.jpg;
Theros;42;http://magiccards.info/scans/en/ths/42.jpg;
Theros;43;http://magiccards.info/scans/en/ths/43.jpg;
Theros;44;http://magiccards.info/scans/en/ths/44.jpg;
Theros;45;http://magiccards.info/scans/en/ths/45.jpg;
Theros;46;http://magiccards.info/scans/en/ths/46.jpg;
Theros;47;http://magiccards.info/scans/en/ths/47.jpg;
Theros;48;http://magiccards.info/scans/en/ths/48.jpg;
Theros;49;http://magiccards.info/scans/en/ths/49.jpg;
Theros;50;http://magiccards.info/scans/en/ths/50.jpg;
Theros;51;http://magiccards.info/scans/en/ths/51.jpg;
Theros;52;http://magiccards.info/scans/en/ths/52.jpg;
Theros;53;http://magiccards.info/scans/en/ths/53.jpg;
Theros;54;http://magiccards.info/scans/en/ths/54.jpg;
Theros;55;http://magiccards.info/scans/en/ths/55.jpg;
Theros;56;http://magiccards.info/scans/en/ths/56.jpg;
Theros;57;http://magiccards.info/scans/en/ths/57.jpg;
Theros;58;http://magiccards.info/scans/en/ths/58.jpg;
Theros;59;http://magiccards.info/scans/en/ths/59.jpg;
Theros;60;http://magiccards.info/scans/en/ths/60.jpg;
Theros;61;http://magiccards.info/scans/en/ths/61.jpg;
Theros;62;http://magiccards.info/scans/en/ths/62.jpg;
Theros;63;http://magiccards.info/scans/en/ths/63.jpg;
Theros;64;http://magiccards.info/scans/en/ths/64.jpg;
Theros;65;http://magiccards.info/scans/en/ths/65.jpg;
Theros;66;http://magiccards.info/scans/en/ths/66.jpg;
Theros;67;http://magiccards.info/scans/en/ths/67.jpg;
Theros;68;http://magiccards.info/scans/en/ths/68.jpg;
Theros;69;http://magiccards.info/scans/en/ths/69.jpg;
Theros;70;http://magiccards.info/scans/en/ths/70.jpg;
Theros;71;http://magiccards.info/scans/en/ths/71.jpg;
Theros;72;http://magiccards.info/scans/en/ths/72.jpg;
Theros;73;http://magiccards.info/scans/en/ths/73.jpg;
Theros;74;http://magiccards.info/scans/en/ths/74.jpg;
Theros;75;http://magiccards.info/scans/en/ths/75.jpg;
Theros;76;http://magiccards.info/scans/en/ths/76.jpg;
Theros;77;http://magiccards.info/scans/en/ths/77.jpg;
Theros;78;http://magiccards.info/scans/en/ths/78.jpg;
Theros;79;http://magiccards.info/scans/en/ths/79.jpg;
Theros;80;http://magiccards.info/scans/en/ths/80.jpg;
Theros;81;http://magiccards.info/scans/en/ths/81.jpg;
Theros;82;http://magiccards.info/scans/en/ths/82.jpg;
Theros;83;http://magiccards.info/scans/en/ths/83.jpg;
Theros;84;http://magiccards.info/scans/en/ths/84.jpg;
Theros;85;http://magiccards.info/scans/en/ths/85.jpg;
Theros;86;http://magiccards.info/scans/en/ths/86.jpg;
Theros;87;http://magiccards.info/scans/en/ths/87.jpg;
Theros;88;http://magiccards.info/scans/en/ths/88.jpg;
Theros;89;http://magiccards.info/scans/en/ths/89.jpg;
Theros;90;http://magiccards.info/scans/en/ths/90.jpg;
Theros;91;http://magiccards.info/scans/en/ths/91.jpg;
Theros;92;http://magiccards.info/scans/en/ths/92.jpg;
Theros;93;http://magiccards.info/scans/en/ths/93.jpg;
Theros;94;http://magiccards.info/scans/en/ths/94.jpg;
Theros;95;http://magiccards.info/scans/en/ths/95.jpg;
Theros;96;http://magiccards.info/scans/en/ths/96.jpg;
Theros;97;http://magiccards.info/scans/en/ths/97.jpg;
Theros;98;http://magiccards.info/scans/en/ths/98.jpg;
Theros;99;http://magiccards.info/scans/en/ths/99.jpg;
Theros;100;http://magiccards.info/scans/en/ths/100.jpg;
Theros;101;http://magiccards.info/scans/en/ths/101.jpg;
Theros;102;http://magiccards.info/scans/en/ths/102.jpg;
Theros;103;http://magiccards.info/scans/en/ths/103.jpg;
Theros;104;http://magiccards.info/scans/en/ths/104.jpg;
Theros;105;http://magiccards.info/scans/en/ths/105.jpg;
Theros;106;http://magiccards.info/scans/en/ths/106.jpg;
Theros;107;http://magiccards.info/scans/en/ths/107.jpg;
Theros;108;http://magiccards.info/scans/en/ths/108.jpg;
Theros;109;http://magiccards.info/scans/en/ths/109.jpg;
Theros;110;http://magiccards.info/scans/en/ths/110.jpg;
Theros;111;http://magiccards.info/scans/en/ths/111.jpg;
Theros;112;http://magiccards.info/scans/en/ths/112.jpg;
Theros;113;http://magiccards.info/scans/en/ths/113.jpg;
Theros;114;http://magiccards.info/scans/en/ths/114.jpg;
Theros;115;http://magiccards.info/scans/en/ths/115.jpg;
Theros;116;http://magiccards.info/scans/en/ths/116.jpg;
Theros;117;http://magiccards.info/scans/en/ths/117.jpg;
Theros;118;http://magiccards.info/scans/en/ths/118.jpg;
Theros;119;http://magiccards.info/scans/en/ths/119.jpg;
Theros;120;http://magiccards.info/scans/en/ths/120.jpg;
Theros;121;http://magiccards.info/scans/en/ths/121.jpg;
Theros;122;http://magiccards.info/scans/en/ths/122.jpg;
Theros;123;http://magiccards.info/scans/en/ths/123.jpg;
Theros;124;http://magiccards.info/scans/en/ths/124.jpg;
Theros;125;http://magiccards.info/scans/en/ths/125.jpg;
Theros;126;http://magiccards.info/scans/en/ths/126.jpg;
Theros;127;http://magiccards.info/scans/en/ths/127.jpg;
Theros;128;http://magiccards.info/scans/en/ths/128.jpg;
Theros;129;http://magiccards.info/scans/en/ths/129.jpg;
Theros;130;http://magiccards.info/scans/en/ths/130.jpg;
Theros;131;http://magiccards.info/scans/en/ths/131.jpg;
Theros;132;http://magiccards.info/scans/en/ths/132.jpg;
Theros;133;http://magiccards.info/scans/en/ths/133.jpg;
Theros;134;http://magiccards.info/scans/en/ths/134.jpg;
Theros;135;http://magiccards.info/scans/en/ths/135.jpg;
Theros;136;http://magiccards.info/scans/en/ths/136.jpg;
Theros;137;http://magiccards.info/scans/en/ths/137.jpg;
Theros;138;http://magiccards.info/scans/en/ths/138.jpg;
Theros;139;http://magiccards.info/scans/en/ths/139.jpg;
Theros;140;http://magiccards.info/scans/en/ths/140.jpg;
Theros;141;http://magiccards.info/scans/en/ths/141.jpg;
Theros;142;http://magiccards.info/scans/en/ths/142.jpg;
Theros;143;http://magiccards.info/scans/en/ths/143.jpg;
Theros;144;http://magiccards.info/scans/en/ths/144.jpg;
Theros;145;http://magiccards.info/scans/en/ths/145.jpg;
Theros;146;http://magiccards.info/scans/en/ths/146.jpg;
Theros;147;http://magiccards.info/scans/en/ths/147.jpg;
Theros;148;http://magiccards.info/scans/en/ths/148.jpg;
Theros;149;http://magiccards.info/scans/en/ths/149.jpg;
Theros;150;http://magiccards.info/scans/en/ths/150.jpg;
Theros;151;http://magiccards.info/scans/en/ths/151.jpg;
Theros;152;http://magiccards.info/scans/en/ths/152.jpg;
Theros;153;http://magiccards.info/scans/en/ths/153.jpg;
Theros;154;http://magiccards.info/scans/en/ths/154.jpg;
Theros;155;http://magiccards.info/scans/en/ths/155.jpg;
Theros;156;http://magiccards.info/scans/en/ths/156.jpg;
Theros;157;http://magiccards.info/scans/en/ths/157.jpg;
Theros;158;http://magiccards.info/scans/en/ths/158.jpg;
Theros;159;http://magiccards.info/scans/en/ths/159.jpg;
Theros;160;http://magiccards.info/scans/en/ths/160.jpg;
Theros;161;http://magiccards.info/scans/en/ths/161.jpg;
Theros;162;http://magiccards.info/scans/en/ths/162.jpg;
Theros;163;http://magiccards.info/scans/en/ths/163.jpg;
Theros;164;http://magiccards.info/scans/en/ths/164.jpg;
Theros;165;http://magiccards.info/scans/en/ths/165.jpg;
Theros;166;http://magiccards.info/scans/en/ths/166.jpg;
Theros;167;http://magiccards.info/scans/en/ths/167.jpg;
Theros;168;http://magiccards.info/scans/en/ths/168.jpg;
Theros;169;http://magiccards.info/scans/en/ths/169.jpg;
Theros;170;http://magiccards.info/scans/en/ths/170.jpg;
Theros;171;http://magiccards.info/scans/en/ths/171.jpg;
Theros;172;http://magiccards.info/scans/en/ths/172.jpg;
Theros;173;http://magiccards.info/scans/en/ths/173.jpg;
Theros;174;http://magiccards.info/scans/en/ths/174.jpg;
Theros;175;http://magiccards.info/scans/en/ths/175.jpg;
Theros;176;http://magiccards.info/scans/en/ths/176.jpg;
Theros;177;http://magiccards.info/scans/en/ths/177.jpg;
Theros;178;http://magiccards.info/scans/en/ths/178.jpg;
Theros;179;http://magiccards.info/scans/en/ths/179.jpg;
Theros;180;http://magiccards.info/scans/en/ths/180.jpg;
Theros;181;http://magiccards.info/scans/en/ths/181.jpg;
Theros;182;http://magiccards.info/scans/en/ths/182.jpg;
Theros;183;http://magiccards.info/scans/en/ths/183.jpg;
Theros;184;http://magiccards.info/scans/en/ths/184.jpg;
Theros;185;http://magiccards.info/scans/en/ths/185.jpg;
Theros;186;http://magiccards.info/scans/en/ths/186.jpg;
Theros;187;http://magiccards.info/scans/en/ths/187.jpg;
Theros;188;http://magiccards.info/scans/en/ths/188.jpg;
Theros;189;http://magiccards.info/scans/en/ths/189.jpg;
Theros;190;http://magiccards.info/scans/en/ths/190.jpg;
Theros;191;http://magiccards.info/scans/en/ths/191.jpg;
Theros;192;http://magiccards.info/scans/en/ths/192.jpg;
Theros;193;http://magiccards.info/scans/en/ths/193.jpg;
Theros;194;http://magiccards.info/scans/en/ths/194.jpg;
Theros;195;http://magiccards.info/scans/en/ths/195.jpg;
Theros;196;http://magiccards.info/scans/en/ths/196.jpg;
Theros;197;http://magiccards.info/scans/en/ths/197.jpg;
Theros;198;http://magiccards.info/scans/en/ths/198.jpg;
Theros;199;http://magiccards.info/scans/en/ths/199.jpg;
Theros;200;http://magiccards.info/scans/en/ths/200.jpg;
Theros;201;http://magiccards.info/scans/en/ths/201.jpg;
Theros;202;http://magiccards.info/scans/en/ths/202.jpg;
Theros;203;http://magiccards.info/scans/en/ths/203.jpg;
Theros;204;http://magiccards.info/scans/en/ths/204.jpg;
Theros;205;http://magiccards.info/scans/en/ths/205.jpg;
Theros;206;http://magiccards.info/scans/en/ths/206.jpg;
Theros;207;http://magiccards.info/scans/en/ths/207.jpg;
Theros;208;http://magiccards.info/scans/en/ths/208.jpg;
Theros;209;http://magiccards.info/scans/en/ths/209.jpg;
Theros;210;http://magiccards.info/scans/en/ths/210.jpg;
Theros;211;http://magiccards.info/scans/en/ths/211.jpg;
Theros;212;http://magiccards.info/scans/en/ths/212.jpg;
Theros;213;http://magiccards.info/scans/en/ths/213.jpg;
Theros;214;http://magiccards.info/scans/en/ths/214.jpg;
Theros;215;http://magiccards.info/scans/en/ths/215.jpg;
Theros;216;http://magiccards.info/scans/en/ths/216.jpg;
Theros;217;http://magiccards.info/scans/en/ths/217.jpg;
Theros;218;http://magiccards.info/scans/en/ths/218.jpg;
Theros;219;http://magiccards.info/scans/en/ths/219.jpg;
Theros;220;http://magiccards.info/scans/en/ths/220.jpg;
Theros;221;http://magiccards.info/scans/en/ths/221.jpg;
Theros;222;http://magiccards.info/scans/en/ths/222.jpg;
Theros;223;http://magiccards.info/scans/en/ths/223.jpg;
Theros;224;http://magiccards.info/scans/en/ths/224.jpg;
Theros;225;http://magiccards.info/scans/en/ths/225.jpg;
Theros;226;http://magiccards.info/scans/en/ths/226.jpg;
Theros;227;http://magiccards.info/scans/en/ths/227.jpg;
Theros;228;http://magiccards.info/scans/en/ths/228.jpg;
Theros;229;http://magiccards.info/scans/en/ths/229.jpg;
Theros;230;http://magiccards.info/scans/en/ths/230.jpg;
Theros;231;http://magiccards.info/scans/en/ths/231.jpg;
Theros;232;http://magiccards.info/scans/en/ths/232.jpg;
Theros;233;http://magiccards.info/scans/en/ths/233.jpg;
Theros;234;http://magiccards.info/scans/en/ths/234.jpg;
Theros;235;http://magiccards.info/scans/en/ths/235.jpg;
Theros;236;http://magiccards.info/scans/en/ths/236.jpg;
Theros;237;http://magiccards.info/scans/en/ths/237.jpg;
Theros;238;http://magiccards.info/scans/en/ths/238.jpg;
Theros;239;http://magiccards.info/scans/en/ths/239.jpg;
Theros;240;http://magiccards.info/scans/en/ths/240.jpg;
Theros;241;http://magiccards.info/scans/en/ths/241.jpg;
Theros;242;http://magiccards.info/scans/en/ths/242.jpg;
Theros;243;http://magiccards.info/scans/en/ths/243.jpg;
Theros;244;http://magiccards.info/scans/en/ths/244.jpg;
Theros;245;http://magiccards.info/scans/en/ths/245.jpg;
Theros;246;http://magiccards.info/scans/en/ths/246.jpg;
Theros;247;http://magiccards.info/scans/en/ths/247.jpg;
Theros;248;http://magiccards.info/scans/en/ths/248.jpg;
Theros;249;http://magiccards.info/scans/en/ths/249.jpg;